State_Abbr,State_Name,Landcover_Counts
VI,United States Virgin Islands,"{60=204.0, 50=4545.0, 95=159.0, 10=25601.0, 30=4545.0, 90=150.0, 80=164672.9098039215, 40=18.0, 20=855.0}"
MP,Commonwealth of the Northern Mariana Islands,"{30=6861.0, 60=58.0, 90=4.0, 50=1207.0, 80=323967.9254901962, 40=34.0, 10=24245.0}"
GU,Guam,"{60=477.0, 50=4116.0, 95=86.0, 10=38154.0, 30=13010.0, 90=10.0, 80=96973.9529411763, 40=32.0, 20=3.0}"
AS,American Samoa,"{30=1597.0, 60=180.0, 90=74.0, 50=582.0, 80=120506.21960784319, 20=183.0, 95=44.0, 10=17318.0}"
PR,Puerto Rico,"{30=134073.0, 60=1887.0, 90=6210.0, 50=84387.0, 80=521810.28627450997, 40=6932.0, 95=8898.0, 20=6039.0, 10=689528.0}"
RI,Rhode Island,"{30=35916.4, 60=1733.7843137254902, 90=3379.01568627451, 50=31432.0431372549, 80=172680.30588235252, 40=2872.0156862745093, 10=287480.066666667}"
NH,New Hampshire,"{100=36.0, 30=183284.05098039214, 60=4176.011764705881, 90=12302.12549019608, 50=44370.65882352942, 80=128321.68627450973, 40=28176.50980392155, 20=1.0, 10=2949054.678431373}"
VT,Vermont,"{30=309694.90588235296, 60=1803.8039215686276, 90=7014.827450980392, 50=24463.654901960785, 80=130932.47058823543, 40=159496.78039215686, 10=2834142.8980392125}"
CT,Connecticut,"{30=150099.69019607842, 60=2869.6235294117646, 90=10630.741176470588, 50=74259.14117647058, 80=236750.76470588238, 40=27430.007843137253, 10=1418851.2588235303}"
ME,Maine,"{100=348.0, 30=743259.2078431373, 60=7876.019607843137, 90=54982.63529411765, 50=44474.83529411765, 80=1609875.2745098032, 40=175447.42745098038, 20=238.0, 10=1.0386308741176471E7}"
MA,Massachusetts,"{30=231665.38039215692, 60=9698.756862745098, 90=38523.83921568627, 50=156045.7215686275, 80=938929.9333333317, 40=33959.960784313735, 10=2281328.7176470575}"
NJ,New Jersey,"{30=322329.8352941177, 60=12269.196078431374, 90=103902.09411764705, 50=231845.23529411765, 80=461506.423529412, 40=142258.81176470587, 10=1683508.6941176471}"
PA,Pennsylvania,"{30=2478707.250980393, 60=24017.141176470584, 90=8314.090196078432, 50=390888.9843137255, 80=415365.67058823485, 40=1328398.3019607847, 10=1.1150661643137256E7}"
NY,New York,"{30=2264817.247058824, 60=19262.250980392157, 90=73697.27843137256, 50=410288.7529411764, 80=2580941.1647058832, 40=1470314.31372549, 10=1.2488299984313723E7}"
IL,Illinois,"{30=1814505.2901960784, 60=23969.199999999997, 90=6457.18431372549, 50=604435.345098039, 80=837753.8117647083, 40=1.2034401666666666E7, 10=4323028.1098039225}"
WI,Wisconsin,"{30=2856478.807843138, 60=22362.207843137257, 90=102227.60392156865, 50=390130.3764705882, 80=3995417.890196081, 40=5053680.91372549, 20=404.9843137254902, 10=1.1427250839215683E7}"
OH,Ohio,"{30=2472543.3568627452, 60=26425.16470588235, 90=8999.674509803921, 50=467074.0862745097, 80=1359293.0745098032, 40=4976291.956862753, 20=1.0, 10=5956399.462745099}"
MI,Michigan,"{30=2852873.7411764706, 60=37253.51764705882, 90=94680.67843137255, 50=476075.23921568634, 80=1.4756907070588231E7, 40=3705443.6666666665, 20=448.0, 10=1.3441492121568628E7}"
IN,Indiana,"{30=1467892.631372549, 60=21517.192156862744, 90=5215.83137254902, 50=340866.80784313724, 80=204656.00000000003, 40=6317338.780392157, 10=3958570.219607845}"
MN,Minnesota,"{30=5006604.129411763, 60=36386.635294117645, 90=198779.0274509804, 50=402807.4705882351, 80=2657277.203921563, 40=1.199523478431371E7, 20=48360.13725490196, 10=1.22787993254902E7}"
NE,Nebraska,"{30=1.4780491600000005E7, 60=34670.53333333333, 90=11504.580392156862, 50=178609.6, 80=227431.1294117647, 40=1.0411109011764701E7, 10=1140070.0627450983}"
ND,North Dakota,"{30=1.1181724556862753E7, 60=119722.41568627451, 90=37866.96862745098, 50=119015.17647058822, 80=986811.3490196079, 40=1.3940819133333337E7, 10=678232.6000000002}"
MO,Missouri,"{30=6112245.964705882, 60=23908.211764705884, 90=1240.3333333333333, 50=315361.4313725491, 80=296400.8274509803, 40=5768902.035294118, 10=1.0549681678431364E7}"
KS,Kansas,"{30=1.1953806399999999E7, 60=33438.584313725485, 90=467.0, 50=267495.7607843137, 80=174381.97647058824, 40=1.2511195215686275E7, 20=1.0, 10=2327482.7411764706}"
SD,South Dakota,"{100=1.0, 30=1.6758998027450984E7, 60=248502.1529411764, 90=36374.333333333336, 50=114504.38823529411, 80=688114.3137254902, 40=9060662.949019609, 10=1072213.1921568627}"
IA,Iowa,"{30=2978698.4392156866, 60=15904.21568627451, 90=9626.6, 50=428945.79215686274, 80=159087.231372549, 40=1.364770617254902E7, 10=2410813.3176470585}"
WV,West Virginia,"{30=859630.6745098041, 60=12924.38431372549, 90=194.0, 50=60524.533333333326, 80=47986.58039215691, 40=57571.05882352941, 10=7008372.819607848}"
FL,Florida,"{30=3493216.5764705883, 60=43484.858823529416, 90=1547205.2392156862, 50=821308.7647058824, 80=3365525.8000000003, 40=575465.5215686274, 95=288165.0, 20=1183.0, 10=9320043.388235293}"
MD,Maryland,"{30=505190.88235294115, 60=6468.603921568628, 90=102961.88627450982, 50=147833.59607843138, 80=892864.3960784299, 40=523320.8627450981, 10=1958739.5058823528}"
NC,North Carolina,"{30=2205682.0117647056, 60=28776.607843137255, 90=160838.3725490196, 50=322459.07843137253, 80=1654118.266666667, 40=1721541.6039215687, 10=1.1072264949019596E7}"
DE,Delaware,"{30=91706.84313725495, 60=2029.38431372549, 90=38348.67843137255, 50=33431.545098039234, 80=183626.78039215674, 40=189146.75294117647, 10=292272.2000000002}"
GA,Georgia,"{30=2646987.321568628, 60=26148.188235294117, 90=183239.93333333332, 50=354831.54901960783, 80=481361.2039215684, 40=1394338.2901960784, 10=1.324525087843137E7}"
SC,South Carolina,"{30=1369505.349019608, 60=17312.941176470587, 90=211520.0156862745, 50=179823.89019607843, 80=607830.6313725489, 40=566471.9647058824, 10=7063899.74509804}"
VA,Virginia,"{30=2319248.654901961, 60=17410.968627450977, 90=91556.02352941173, 50=225755.03529411764, 80=1059702.8823529412, 40=680410.4196078433, 10=9597626.788235296}"
DC,District of Columbia,"{60=39.745098039215684, 50=10335.537254901967, 10=8595.184313725493, 30=1544.9999999999995, 90=36.90588235294118, 80=2223.113725490197, 40=4.0}"
AL,Alabama,"{30=2531349.015686274, 60=25517.8431372549, 90=19269.043137254903, 50=190383.98431372546, 80=532551.3960784314, 40=626768.105882353, 10=1.2267096741176464E7}"
TN,Tennessee,"{30=2747956.4588235295, 60=18497.403921568628, 90=829.0, 50=224342.5450980392, 80=283091.20784313726, 40=1365078.219607843, 10=8854459.82745097}"
KY,Kentucky,"{30=2876886.407843137, 60=15134.30980392157, 90=272.0, 50=171842.93725490195, 80=228764.27450980386, 40=1876235.8156862746, 10=8050732.313725482}"
MS,Mississippi,"{30=1837443.2588235294, 60=19991.745098039217, 90=32111.784313725486, 50=118493.76078431371, 80=508654.1999999999, 40=1776632.4980392156, 10=1.0663404003921561E7}"
LA,Louisiana,"{30=1930988.1372549022, 60=24563.73725490196, 90=1292543.9529411765, 50=182865.63137254902, 80=2921745.0509803914, 40=1631835.105882353, 95=578.0, 10=7878726.611764706}"
TX,Texas,"{30=3.557024541960784E7, 60=2687231.4313725485, 90=487555.0549019608, 50=1420897.3607843136, 80=1953753.0274509813, 40=9576309.568627449, 95=117.92156862745098, 20=1.0506412184313728E7, 10=1.9651887627450984E7}"
OK,Oklahoma,"{30=1.1325025470588226E7, 60=78251.59999999999, 90=519.0, 50=285389.5333333334, 80=394128.2705882351, 40=3766269.015686275, 20=2213.4823529411765, 10=6460069.788235294}"
AR,Arkansas,"{30=2910972.7254901966, 60=21138.29411764706, 90=6805.741176470588, 50=149538.33725490194, 80=343412.25098039204, 40=3087524.96862745, 10=1.0315619556862745E7}"
ID,Idaho,"{100=699396.5882352941, 30=1.3701599933333317E7, 70=272.41568627450977, 60=938960.4862745098, 90=4523.7764705882355, 50=134774.30980392158, 80=288965.81568627455, 40=2441655.415686274, 20=978434.6274509805, 10=1.1118109211764712E7}"
NM,New Mexico,"{100=4144.498039215687, 30=2.1937530568627458E7, 60=4003616.972549017, 90=51.0, 50=188734.80784313727, 80=43926.34901960784, 40=512551.0039215682, 20=4616427.298039214, 10=6976362.0784313725}"
UT,Utah,"{100=75003.0, 30=8134872.596078435, 60=8166664.101960788, 90=55875.0, 50=195999.85882352942, 80=649302.4352941175, 40=444962.61960784317, 20=4863924.05490196, 10=5883985.105882354}"
CO,Colorado,"{100=419034.62352941174, 30=1.7413825984313715E7, 70=411.0, 60=1182361.1411764708, 90=321.0, 50=346567.6156862745, 80=135319.80784313727, 40=3946131.0431372533, 20=1386260.0980392166, 10=9916690.29411764}"
WY,Wyoming,"{100=465884.4352941176, 30=2.2785219380392138E7, 70=7288.0, 60=2968614.7176470594, 90=777.2235294117647, 50=71784.16862745098, 80=239906.0588235294, 40=593595.8274509802, 20=2669657.407843137, 10=4858839.23529411}"
NV,Nevada,"{100=47.0, 30=1.3212302054901961E7, 70=3014.0, 60=9960245.792156864, 90=6565.0, 50=189217.6980392157, 80=195974.58431372547, 40=242565.65490196078, 20=9904031.74901961, 10=3387721.7568627447}"
MT,Montana,"{100=635255.4549019608, 30=3.3382959349019576E7, 70=8576.043137254903, 60=1045284.0745098038, 90=483.20000000000005, 50=111610.70588235294, 80=585397.1019607842, 40=7345552.392156862, 20=559.5254901960784, 10=1.274613283921568E7}"
AZ,Arizona,"{100=7.0, 30=8057436.17254902, 60=9014262.341176473, 90=221.42352941176466, 50=470886.6823529412, 80=82936.56470588234, 40=414071.59999999986, 20=1.2478115611764707E7, 10=5317734.803921569}"
CA,California,"{100=14467.0, 30=1.3935551345098037E7, 70=1229.0, 60=1.0636971282352941E7, 90=76610.55294117647, 50=1712727.2000000002, 80=2466448.14509804, 40=2793743.6549019604, 20=3688355.098039215, 10=1.8062975196078427E7}"
OR,Oregon,"{100=4155.0, 30=1.5190139301960785E7, 70=4439.0, 60=497151.58823529404, 90=9927.0, 50=190746.11764705883, 80=805099.7607843139, 40=1645216.1647058825, 20=1135770.6588235297, 10=1.5919454917647047E7}"
WA,Washington,"{100=151238.8431372549, 30=7480004.211764706, 70=76425.29411764706, 60=368280.305882353, 90=5923.745098039216, 50=314750.3921568627, 80=1863801.5411764702, 40=3442039.815686273, 20=1726.0, 10=1.3573010192156866E7}"
HI,Hawaii,"{30=693789.0, 60=307079.0, 90=1641.0, 50=37432.0, 80=998837.0784313729, 40=480.0, 95=659.0, 20=68117.0, 10=668855.0}"
AK,Alaska,"{100=3.2791616572549023E7, 30=1.451673369333333E8, 70=1.914401684705883E7, 60=8975506.05098039, 90=2.1244818556862745E7, 50=55347.450980392154, 80=5.5864085886274524E7, 40=858.0, 20=5113526.117647058, 10=9.92845040352941E7}"
